id,image_url,user_id,created_dat
1,http://elijah.biz,1,2024-07-22 17:38:35
2,https://shanon.org,1,2024-07-22 17:38:35
3,http://vicky.biz,1,2024-07-22 17:38:35
4,http://oleta.net,1,2024-07-22 17:38:35
5,https://jennings.biz,1,2024-07-22 17:38:35
6,https://quinn.biz,2,2024-07-22 17:38:35
7,https://selina.name,2,2024-07-22 17:38:35
8,http://malvina.org,2,2024-07-22 17:38:35
9,https://branson.biz,2,2024-07-22 17:38:35
10,https://elenor.name,3,2024-07-22 17:38:35
11,https://marcelino.com,3,2024-07-22 17:38:35
12,http://felicity.name,3,2024-07-22 17:38:35
13,https://fred.com,3,2024-07-22 17:38:35
14,https://gerhard.biz,4,2024-07-22 17:38:35
15,https://sherwood.net,4,2024-07-22 17:38:35
16,https://maudie.org,4,2024-07-22 17:38:35
17,http://annamae.name,6,2024-07-22 17:38:35
18,https://mac.org,6,2024-07-22 17:38:35
19,http://miracle.info,6,2024-07-22 17:38:35
20,http://emmet.com,6,2024-07-22 17:38:35
21,https://lisa.com,6,2024-07-22 17:38:35
22,https://brooklyn.name,8,2024-07-22 17:38:35
23,http://madison.net,8,2024-07-22 17:38:35
24,http://annie.name,8,2024-07-22 17:38:35
25,http://darron.info,8,2024-07-22 17:38:35
26,http://saige.com,9,2024-07-22 17:38:35
27,https://reece.net,9,2024-07-22 17:38:35
28,http://vance.org,9,2024-07-22 17:38:35
29,http://ignacio.net,9,2024-07-22 17:38:35
30,http://kenny.com,10,2024-07-22 17:38:35
31,http://remington.name,10,2024-07-22 17:38:35
32,http://kurtis.info,10,2024-07-22 17:38:35
33,https://alisha.com,11,2024-07-22 17:38:35
34,https://henderson.com,11,2024-07-22 17:38:35
35,http://bonnie.info,11,2024-07-22 17:38:35
36,http://kennith.net,11,2024-07-22 17:38:35
37,http://camille.name,11,2024-07-22 17:38:35
38,http://alena.net,12,2024-07-22 17:38:35
39,http://ralph.name,12,2024-07-22 17:38:35
40,https://tyshawn.com,12,2024-07-22 17:38:35
41,https://adella.net,12,2024-07-22 17:38:35
42,https://cielo.info,13,2024-07-22 17:38:35
43,https://easter.net,13,2024-07-22 17:38:35
44,http://golden.org,13,2024-07-22 17:38:35
45,http://kendall.biz,13,2024-07-22 17:38:35
46,https://glenda.info,13,2024-07-22 17:38:35
47,http://dominic.biz,15,2024-07-22 17:38:35
48,http://tressie.info,15,2024-07-22 17:38:35
49,http://estevan.org,15,2024-07-22 17:38:35
50,http://zena.com,15,2024-07-22 17:38:35
51,https://abagail.com,16,2024-07-22 17:38:35
52,https://hershel.com,16,2024-07-22 17:38:35
53,http://collin.com,16,2024-07-22 17:38:35
54,https://clair.com,16,2024-07-22 17:38:35
55,https://deondre.com,17,2024-07-22 17:38:35
56,http://tristin.name,17,2024-07-22 17:38:35
57,http://kirk.org,17,2024-07-22 17:38:35
58,https://modesta.info,18,2024-07-22 17:38:35
59,http://rylan.biz,19,2024-07-22 17:38:35
60,https://noemie.com,19,2024-07-22 17:38:35
61,https://dejon.name,20,2024-07-22 17:38:35
62,https://rigoberto.net,22,2024-07-22 17:38:35
63,http://megane.biz,23,2024-07-22 17:38:35
64,http://emmalee.org,23,2024-07-22 17:38:35
65,http://nathan.net,23,2024-07-22 17:38:35
66,http://lionel.net,23,2024-07-22 17:38:35
67,http://danyka.net,23,2024-07-22 17:38:35
68,https://woodrow.com,23,2024-07-22 17:38:35
69,http://harvey.info,23,2024-07-22 17:38:35
70,http://aiden.org,23,2024-07-22 17:38:35
71,https://tito.name,23,2024-07-22 17:38:35
72,https://julian.net,23,2024-07-22 17:38:35
73,https://mafalda.org,23,2024-07-22 17:38:35
74,http://verner.org,23,2024-07-22 17:38:35
75,https://elmore.org,26,2024-07-22 17:38:35
76,http://kasandra.com,26,2024-07-22 17:38:35
77,https://jarret.info,26,2024-07-22 17:38:35
78,http://einar.net,26,2024-07-22 17:38:35
79,http://terry.info,26,2024-07-22 17:38:35
80,https://holden.com,27,2024-07-22 17:38:35
81,https://jacinto.org,28,2024-07-22 17:38:35
82,https://geoffrey.info,28,2024-07-22 17:38:35
83,http://paxton.com,28,2024-07-22 17:38:35
84,https://trinity.biz,28,2024-07-22 17:38:35
85,http://fabiola.org,29,2024-07-22 17:38:35
86,https://bryce.org,29,2024-07-22 17:38:35
87,http://emery.net,29,2024-07-22 17:38:35
88,https://marian.biz,29,2024-07-22 17:38:35
89,https://kennedi.org,29,2024-07-22 17:38:35
90,https://fanny.net,29,2024-07-22 17:38:35
91,http://lottie.net,29,2024-07-22 17:38:35
92,http://lacy.biz,29,2024-07-22 17:38:35
93,https://jensen.name,30,2024-07-22 17:38:35
94,http://virginia.org,30,2024-07-22 17:38:35
95,https://ariel.net,31,2024-07-22 17:38:35
96,http://roger.info,32,2024-07-22 17:38:35
97,https://carolanne.com,32,2024-07-22 17:38:35
98,https://margarita.info,32,2024-07-22 17:38:35
99,https://kayden.biz,32,2024-07-22 17:38:35
100,https://brook.com,33,2024-07-22 17:38:35
101,https://gust.net,33,2024-07-22 17:38:35
102,http://bridie.name,33,2024-07-22 17:38:35
103,http://barton.name,33,2024-07-22 17:38:35
104,https://karina.biz,33,2024-07-22 17:38:35
105,https://mariam.com,35,2024-07-22 17:38:35
106,https://trycia.com,35,2024-07-22 17:38:35
107,https://everette.biz,37,2024-07-22 17:38:35
108,http://boris.biz,38,2024-07-22 17:38:35
109,http://arthur.name,38,2024-07-22 17:38:35
110,https://cesar.com,39,2024-07-22 17:38:35
111,http://charlie.com,40,2024-07-22 17:38:35
112,https://lina.biz,42,2024-07-22 17:38:35
113,https://darwin.net,42,2024-07-22 17:38:35
114,https://aliyah.biz,42,2024-07-22 17:38:35
115,http://euna.info,43,2024-07-22 17:38:35
116,https://maymie.net,43,2024-07-22 17:38:35
117,http://joanie.name,43,2024-07-22 17:38:35
118,http://whitney.net,43,2024-07-22 17:38:35
119,http://garrison.name,43,2024-07-22 17:38:35
120,https://olga.org,44,2024-07-22 17:38:35
121,https://donavon.org,44,2024-07-22 17:38:35
122,http://moses.biz,44,2024-07-22 17:38:35
123,http://shannon.org,44,2024-07-22 17:38:35
124,http://kendrick.net,46,2024-07-22 17:38:35
125,https://carey.com,46,2024-07-22 17:38:35
126,http://lia.biz,46,2024-07-22 17:38:35
127,https://celestine.name,46,2024-07-22 17:38:35
128,http://laila.info,47,2024-07-22 17:38:35
129,http://buddy.com,47,2024-07-22 17:38:35
130,http://americo.biz,47,2024-07-22 17:38:35
131,http://lurline.info,47,2024-07-22 17:38:35
132,http://kailee.org,47,2024-07-22 17:38:35
133,https://edyth.com,48,2024-07-22 17:38:35
134,https://isaias.biz,50,2024-07-22 17:38:35
135,http://rosetta.net,50,2024-07-22 17:38:35
136,https://marianna.info,50,2024-07-22 17:38:35
137,https://roel.org,51,2024-07-22 17:38:35
138,http://julia.info,51,2024-07-22 17:38:35
139,https://seamus.org,51,2024-07-22 17:38:35
140,https://earline.info,51,2024-07-22 17:38:35
141,http://quinten.info,51,2024-07-22 17:38:35
142,https://dolores.org,52,2024-07-22 17:38:35
143,https://aimee.info,52,2024-07-22 17:38:35
144,https://roderick.name,52,2024-07-22 17:38:35
145,https://jarret.name,52,2024-07-22 17:38:35
146,https://cathrine.com,52,2024-07-22 17:38:35
147,https://adela.com,55,2024-07-22 17:38:35
148,https://demarco.com,56,2024-07-22 17:38:35
149,https://lila.biz,58,2024-07-22 17:38:35
150,http://ruben.net,58,2024-07-22 17:38:35
151,https://alia.name,58,2024-07-22 17:38:35
152,http://rickey.name,58,2024-07-22 17:38:35
153,http://janie.com,58,2024-07-22 17:38:35
154,http://myron.org,58,2024-07-22 17:38:35
155,http://pearl.info,58,2024-07-22 17:38:35
156,http://victoria.biz,58,2024-07-22 17:38:35
157,https://carmella.com,59,2024-07-22 17:38:35
158,http://leo.com,59,2024-07-22 17:38:35
159,http://jedediah.net,59,2024-07-22 17:38:35
160,http://sedrick.net,59,2024-07-22 17:38:35
161,https://clare.org,59,2024-07-22 17:38:35
162,https://malcolm.name,59,2024-07-22 17:38:35
163,https://lesly.com,59,2024-07-22 17:38:35
164,https://roberta.net,59,2024-07-22 17:38:35
165,https://estell.info,59,2024-07-22 17:38:35
166,http://kaleigh.biz,59,2024-07-22 17:38:35
167,http://blanca.org,60,2024-07-22 17:38:35
168,http://delpha.com,60,2024-07-22 17:38:35
169,http://annabelle.org,61,2024-07-22 17:38:35
170,http://ephraim.com,62,2024-07-22 17:38:35
171,https://dameon.name,62,2024-07-22 17:38:35
172,https://julianne.org,63,2024-07-22 17:38:35
173,https://jasmin.biz,63,2024-07-22 17:38:35
174,https://delbert.net,63,2024-07-22 17:38:35
175,https://norval.com,63,2024-07-22 17:38:35
176,https://jessy.name,64,2024-07-22 17:38:35
177,https://nolan.name,64,2024-07-22 17:38:35
178,http://devon.info,64,2024-07-22 17:38:35
179,http://ora.net,64,2024-07-22 17:38:35
180,https://vivien.com,64,2024-07-22 17:38:35
181,https://hilda.info,65,2024-07-22 17:38:35
182,https://dorcas.biz,65,2024-07-22 17:38:35
183,http://hettie.net,65,2024-07-22 17:38:35
184,http://rico.biz,65,2024-07-22 17:38:35
185,http://jody.biz,65,2024-07-22 17:38:35
186,http://sheila.com,67,2024-07-22 17:38:35
187,http://germaine.name,67,2024-07-22 17:38:35
188,https://mariane.org,67,2024-07-22 17:38:35
189,http://reva.com,69,2024-07-22 17:38:35
190,https://llewellyn.info,70,2024-07-22 17:38:35
191,http://ellen.info,72,2024-07-22 17:38:35
192,https://anahi.info,72,2024-07-22 17:38:35
193,https://javonte.org,72,2024-07-22 17:38:35
194,http://florine.org,72,2024-07-22 17:38:35
195,http://marcellus.info,72,2024-07-22 17:38:35
196,http://stan.biz,73,2024-07-22 17:38:35
197,http://jarred.net,77,2024-07-22 17:38:35
198,http://jovanny.net,77,2024-07-22 17:38:35
199,http://linnie.com,77,2024-07-22 17:38:35
200,http://dino.name,77,2024-07-22 17:38:35
201,https://jane.net,77,2024-07-22 17:38:35
202,http://laney.name,77,2024-07-22 17:38:35
203,http://trever.org,78,2024-07-22 17:38:35
204,http://emilie.net,78,2024-07-22 17:38:35
205,http://ted.info,78,2024-07-22 17:38:35
206,http://keshawn.org,78,2024-07-22 17:38:35
207,http://ole.info,78,2024-07-22 17:38:35
208,https://ford.biz,79,2024-07-22 17:38:35
209,https://humberto.org,82,2024-07-22 17:38:35
210,http://penelope.info,82,2024-07-22 17:38:35
211,https://dimitri.info,84,2024-07-22 17:38:35
212,http://cynthia.info,84,2024-07-22 17:38:35
213,http://princess.org,85,2024-07-22 17:38:35
214,https://ruthie.info,85,2024-07-22 17:38:35
215,https://evan.name,86,2024-07-22 17:38:35
216,http://deontae.org,86,2024-07-22 17:38:35
217,https://timmy.info,86,2024-07-22 17:38:35
218,http://susie.info,86,2024-07-22 17:38:35
219,http://hollis.com,86,2024-07-22 17:38:35
220,https://colt.org,86,2024-07-22 17:38:35
221,http://lucio.org,86,2024-07-22 17:38:35
222,http://germaine.org,86,2024-07-22 17:38:35
223,http://howard.net,86,2024-07-22 17:38:35
224,http://helena.name,87,2024-07-22 17:38:35
225,https://celestino.name,87,2024-07-22 17:38:35
226,http://violet.info,87,2024-07-22 17:38:35
227,http://nigel.biz,87,2024-07-22 17:38:35
228,https://noble.net,88,2024-07-22 17:38:35
229,https://emilia.org,88,2024-07-22 17:38:35
230,http://destini.net,88,2024-07-22 17:38:35
231,https://mariano.net,88,2024-07-22 17:38:35
232,https://brittany.org,88,2024-07-22 17:38:35
233,https://madaline.name,88,2024-07-22 17:38:35
234,https://devonte.name,88,2024-07-22 17:38:35
235,https://blanche.net,88,2024-07-22 17:38:35
236,http://cali.net,88,2024-07-22 17:38:35
237,http://mekhi.name,88,2024-07-22 17:38:35
238,http://adela.com,88,2024-07-22 17:38:35
239,https://devan.com,92,2024-07-22 17:38:35
240,https://jarrett.name,92,2024-07-22 17:38:35
241,https://sid.biz,92,2024-07-22 17:38:35
242,https://jadyn.name,93,2024-07-22 17:38:35
243,https://erik.com,93,2024-07-22 17:38:35
244,http://freeda.biz,94,2024-07-22 17:38:35
245,http://ayden.name,95,2024-07-22 17:38:35
246,https://kathleen.biz,95,2024-07-22 17:38:35
247,https://helmer.org,96,2024-07-22 17:38:35
248,https://maggie.info,96,2024-07-22 17:38:35
249,https://cecilia.net,96,2024-07-22 17:38:35
250,http://ayla.org,97,2024-07-22 17:38:35
251,https://elyssa.biz,97,2024-07-22 17:38:35
252,http://jennie.com,98,2024-07-22 17:38:35
253,http://ryleigh.info,99,2024-07-22 17:38:35
254,https://darien.name,99,2024-07-22 17:38:35
255,https://xzavier.org,99,2024-07-22 17:38:35
256,https://kaela.name,100,2024-07-22 17:38:35
257,http://dedrick.info,100,2024-07-22 17:38:35
